{"materials":[{"id":556,"path":"Resources/unity_builtin_extra\\Sprites-Default","assetBundleId":-2,"data":["Sprites-Default",30,26,3000,0,[["PixelSnap",0],["_EnableExternalAlpha",0]],[["_Color",1,1,1,1],["_RendererColor",1,1,1,1]],[["_MainTex_ST",1,1,0,0],["_Flip",1,1,1,1],["_AlphaTex_ST",1,1,0,0]],[["_MainTex",null,null],["_AlphaTex",null,null]],[]]},{"id":774,"path":"Resources/unity_builtin_extra\\Default-ParticleSystem","assetBundleId":-2,"data":["Default-ParticleSystem",30,180,3000,0,[["_Cutoff",0.5],["_BumpScale",1],["_DistortionStrength",1],["_DistortionBlend",0.5],["_SoftParticlesNearFadeDistance",0],["_SoftParticlesFarFadeDistance",1],["_CameraNearFadeDistance",1],["_CameraFarFadeDistance",2],["_Mode",2],["_ColorMode",0],["_FlipbookMode",0],["_LightingEnabled",0],["_DistortionEnabled",0],["_EmissionEnabled",0],["_BlendOp",0],["_SrcBlend",5],["_DstBlend",10],["_ZWrite",0],["_Cull",2],["_SoftParticlesEnabled",0],["_CameraFadingEnabled",0],["_DistortionStrengthScaled",0]],[["_Color",1,1,1,1],["_EmissionColor",0,0,0,1]],[["_MainTex_ST",1,1,0,0],["_BumpMap_ST",1,1,0,0],["_EmissionMap_ST",1,1,0,0],["_SoftParticleFadeParams",0,0,0,0],["_CameraFadeParams",0,1e9999,0,0],["_ColorAddSubDiff",0,0,0,0]],[["_MainTex",31,772],["_BumpMap",null,null],["_EmissionMap",null,null]],[["_ALPHABLEND_ON",1]]]}],"shaders":[{"id":28,"assetBundleId":-2,"data":[[],"UI/Default",null,["UNITY_UI_ALPHACLIP","UNITY_UI_CLIP_RECT","STEREO_CUBEMAP_RENDER_ON","STEREO_INSTANCING_ON","STEREO_MULTIVIEW_ON","UNITY_SINGLE_PASS_STEREO","_"],[[0,0,"Default",0,"",0,[0,"unity_GUIZTestMode"],[0,null],[0,null],[[1,null],[10,null],[0,null]],[[1,null],[10,null],[0,null]],[0,"_ColorMask"],[0,null],[0,null],[0,"_Stencil"],[0,"_StencilReadMask"],[0,"_StencilWriteMask"],[[0,"_StencilOp"],[0,null],[0,null],[0,"_StencilComp"]],[[0,null],[0,null],[0,null],[8,null]],[[0,null],[0,null],[0,null],[8,null]],[["CanUseSpriteAtlas","true"],["IGNOREPROJECTOR","true"],["PreviewType","Plane"],["QUEUE","Transparent"],["RenderType","Transparent"]],["STEREO_CUBEMAP_RENDER_ON","STEREO_INSTANCING_ON","STEREO_MULTIVIEW_ON","UNITY_SINGLE_PASS_STEREO","UNITY_UI_ALPHACLIP","UNITY_UI_CLIP_RECT","_"],[],[[0,0,[],0,1,0,0],[0,0,[],2,3,1,0]],[],0]],[],[["_MainTex",4,0,0,0,0,"white",2],["_Color",0,1,1,1,1,"",0],["_StencilComp",2,8,0,0,0,"",0],["_Stencil",2,0,0,0,0,"",0],["_StencilOp",2,0,0,0,0,"",0],["_StencilWriteMask",2,255,0,0,0,"",0],["_StencilReadMask",2,255,0,0,0,"",0],["_ColorMask",2,15,0,0,0,"",0],["_UseUIAlphaClip",2,0,0,0,0,"",0]],null,null,0,0,0]},{"id":48,"assetBundleId":-2,"data":[[],"Hidden/BlitCopy",null,["STEREO_CUBEMAP_RENDER_ON","STEREO_INSTANCING_ON","STEREO_MULTIVIEW_ON","UNITY_SINGLE_PASS_STEREO"],[[0,0,"",0,"",0,[8,null],[0,null],[0,null],[[1,null],[0,null],[0,null]],[[1,null],[0,null],[0,null]],[15,null],[0,null],[0,null],[0,null],[255,null],[255,null],[[0,null],[0,null],[0,null],[8,null]],[[0,null],[0,null],[0,null],[8,null]],[[0,null],[0,null],[0,null],[8,null]],[],["STEREO_CUBEMAP_RENDER_ON","STEREO_INSTANCING_ON","STEREO_MULTIVIEW_ON","UNITY_SINGLE_PASS_STEREO"],[],[],[],0]],[],[["_MainTex",4,0,0,0,0,"",0],["_Color",0,1,1,1,1,"",0]],null,null,0,0,0]},{"id":26,"assetBundleId":-2,"data":[[],"Sprites/Default",null,["PIXELSNAP_ON","ETC1_EXTERNAL_ALPHA","INSTANCING_ON","STEREO_CUBEMAP_RENDER_ON","STEREO_INSTANCING_ON","STEREO_MULTIVIEW_ON","UNITY_SINGLE_PASS_STEREO","_","__"],[[0,0,"",0,"",0,[4,null],[0,null],[0,null],[[1,null],[10,null],[0,null]],[[1,null],[10,null],[0,null]],[15,null],[0,null],[0,null],[0,null],[255,null],[255,null],[[0,null],[0,null],[0,null],[8,null]],[[0,null],[0,null],[0,null],[8,null]],[[0,null],[0,null],[0,null],[8,null]],[["CanUseSpriteAtlas","true"],["IGNOREPROJECTOR","true"],["PreviewType","Plane"],["QUEUE","Transparent"],["RenderType","Transparent"]],["ETC1_EXTERNAL_ALPHA","INSTANCING_ON","PIXELSNAP_ON","STEREO_CUBEMAP_RENDER_ON","STEREO_INSTANCING_ON","STEREO_MULTIVIEW_ON","UNITY_SINGLE_PASS_STEREO","_","__"],[],[[0,0,[],4,5,0,0],[0,0,[],6,7,1,0]],[],0]],[],[["_MainTex",4,0,0,0,0,"white",2],["_Color",0,1,1,1,1,"",0],["PixelSnap",2,0,0,0,0,"",0],["_RendererColor",0,1,1,1,1,"",1],["_Flip",1,1,1,1,1,"",1],["_AlphaTex",4,0,0,0,0,"white",2],["_EnableExternalAlpha",2,0,0,0,0,"",2]],null,null,0,0,0]},{"id":72,"assetBundleId":-2,"data":[[],"Legacy Shaders/VertexLit",null,["FOG_EXP","FOG_EXP2","FOG_LINEAR","POINT","SPOT","SHADOWS_DEPTH","STEREO_CUBEMAP_RENDER_ON","STEREO_INSTANCING_ON","STEREO_MULTIVIEW_ON","UNITY_SINGLE_PASS_STEREO","_","__","INSTANCING_ON","SHADOWS_CUBE"],[[0,0,"",1,"",0,[4,null],[1,null],[2,null],[[1,null],[0,null],[0,null]],[[1,null],[0,null],[0,null]],[15,null],[0,null],[0,null],[0,null],[255,null],[255,null],[[0,null],[0,null],[0,null],[8,null]],[[0,null],[0,null],[0,null],[8,null]],[[0,null],[0,null],[0,null],[8,null]],[["LIGHTMODE","Vertex"],["RenderType","Opaque"]],["FOG_EXP","FOG_EXP2","FOG_LINEAR","POINT","SPOT","STEREO_CUBEMAP_RENDER_ON","STEREO_INSTANCING_ON","STEREO_MULTIVIEW_ON","UNITY_SINGLE_PASS_STEREO","_"],[],[],[],0],[1,0,"",2,"",0,[4,null],[1,null],[2,null],[[1,null],[0,null],[0,null]],[[1,null],[0,null],[0,null]],[15,null],[0,null],[0,null],[0,null],[255,null],[255,null],[[0,null],[0,null],[0,null],[8,null]],[[0,null],[0,null],[0,null],[8,null]],[[0,null],[0,null],[0,null],[8,null]],[["LIGHTMODE","VertexLM"],["RenderType","Opaque"]],["FOG_EXP","FOG_EXP2","FOG_LINEAR","STEREO_CUBEMAP_RENDER_ON","STEREO_INSTANCING_ON","STEREO_MULTIVIEW_ON","UNITY_SINGLE_PASS_STEREO","__"],[],[],[],0],[2,0,"ShadowCaster",8,"",0,[4,null],[1,null],[2,null],[[1,null],[0,null],[0,null]],[[1,null],[0,null],[0,null]],[15,null],[0,null],[0,null],[0,null],[255,null],[255,null],[[0,null],[0,null],[0,null],[8,null]],[[0,null],[0,null],[0,null],[8,null]],[[0,null],[0,null],[0,null],[8,null]],[["LIGHTMODE","SHADOWCASTER"],["RenderType","Opaque"],["SHADOWSUPPORT","true"]],["INSTANCING_ON","SHADOWS_CUBE","SHADOWS_DEPTH","STEREO_CUBEMAP_RENDER_ON","STEREO_INSTANCING_ON","STEREO_MULTIVIEW_ON","UNITY_SINGLE_PASS_STEREO","__"],[],[],[],0]],[],[["_Color",0,1,1,1,1,"",0],["_SpecColor",0,1,1,1,1,"",0],["_Emission",0,0,0,0,0,"",0],["_Shininess",3,0.699999988079071,0.00999999977648258,1,0,"",0],["_MainTex",4,0,0,0,0,"white",0]],null,null,0,0,0]},{"id":166,"assetBundleId":-2,"data":[[],"Legacy Shaders/Particles/Alpha Blended",null,["FOG_EXP","FOG_EXP2","FOG_LINEAR","SOFTPARTICLES_ON","STEREO_CUBEMAP_RENDER_ON","STEREO_INSTANCING_ON","STEREO_MULTIVIEW_ON","UNITY_SINGLE_PASS_STEREO","__"],[[0,0,"",0,"",0,[4,null],[0,null],[0,null],[[5,null],[10,null],[0,null]],[[5,null],[10,null],[0,null]],[14,null],[0,null],[0,null],[0,null],[255,null],[255,null],[[0,null],[0,null],[0,null],[8,null]],[[0,null],[0,null],[0,null],[8,null]],[[0,null],[0,null],[0,null],[8,null]],[["IGNOREPROJECTOR","true"],["PreviewType","Plane"],["QUEUE","Transparent"],["RenderType","Transparent"]],["FOG_EXP","FOG_EXP2","FOG_LINEAR","SOFTPARTICLES_ON","STEREO_CUBEMAP_RENDER_ON","STEREO_INSTANCING_ON","STEREO_MULTIVIEW_ON","UNITY_SINGLE_PASS_STEREO","__"],[],[[0,0,[],8,9,0,0],[0,0,[],10,11,1,0]],[],0]],[],[["_TintColor",0,0.5,0.5,0.5,0.5,"",0],["_MainTex",4,0,0,0,0,"white",0],["_InvFade",3,1,0.00999999977648258,3,0,"",0]],null,null,0,0,0]},{"id":180,"assetBundleId":-2,"data":[[],"Particles/Standard Unlit",null,["SHADOWS_DEPTH","_ALPHABLEND_ON","_ALPHAMODULATE_ON","_ALPHAPREMULTIPLY_ON","_ALPHATEST_ON","_REQUIRE_UV2","FOG_EXP","FOG_EXP2","FOG_LINEAR","_COLORADDSUBDIFF_ON","_COLORCOLOR_ON","_COLOROVERLAY_ON","_EMISSION","_FADING_ON","_NORMALMAP","INSTANCING_ON","PROCEDURAL_INSTANCING_ON","SHADOWS_CUBE","STEREO_CUBEMAP_RENDER_ON","STEREO_INSTANCING_ON","STEREO_MULTIVIEW_ON","UNITY_SINGLE_PASS_STEREO","__","_","EFFECT_BUMP","SOFTPARTICLES_ON"],[[0,0,"",0,"_GrabTexture",0,[0,null],[0,null],[0,null],[[1,null],[0,null],[0,null]],[[1,null],[0,null],[0,null]],[15,null],[0,null],[0,null],[0,null],[0,null],[0,null],[[0,null],[0,null],[0,null],[0,null]],[[0,null],[0,null],[0,null],[0,null]],[[0,null],[0,null],[0,null],[0,null]],[["LIGHTMODE","GRABPASS"]],[],[],[],[],0],[1,0,"ShadowCaster",8,"",0,[4,null],[1,null],[0,null],[[1,null],[0,null],[0,null]],[[1,null],[0,null],[0,null]],[14,null],[0,null],[0,null],[0,null],[255,null],[255,null],[[0,null],[0,null],[0,null],[8,null]],[[0,null],[0,null],[0,null],[8,null]],[[0,null],[0,null],[0,null],[8,null]],[["IGNOREPROJECTOR","true"],["LIGHTMODE","SHADOWCASTER"],["PerformanceChecks","False"],["PreviewType","Plane"],["RenderType","Opaque"],["SHADOWSUPPORT","true"]],["INSTANCING_ON","PROCEDURAL_INSTANCING_ON","SHADOWS_CUBE","SHADOWS_DEPTH","STEREO_CUBEMAP_RENDER_ON","STEREO_INSTANCING_ON","STEREO_MULTIVIEW_ON","UNITY_SINGLE_PASS_STEREO","_ALPHABLEND_ON","_ALPHAMODULATE_ON","_ALPHAPREMULTIPLY_ON","_ALPHATEST_ON","_REQUIRE_UV2","__","_"],[],[],[],0],[4,0,"",0,"",0,[4,null],[0,"_ZWrite"],[0,"_Cull"],[[0,"_SrcBlend"],[0,"_DstBlend"],[0,"_BlendOp"]],[[0,"_SrcBlend"],[0,"_DstBlend"],[0,"_BlendOp"]],[14,null],[0,null],[0,null],[0,null],[255,null],[255,null],[[0,null],[0,null],[0,null],[8,null]],[[0,null],[0,null],[0,null],[8,null]],[[0,null],[0,null],[0,null],[8,null]],[["IGNOREPROJECTOR","true"],["PerformanceChecks","False"],["PreviewType","Plane"],["RenderType","Opaque"]],["EFFECT_BUMP","FOG_EXP","FOG_EXP2","FOG_LINEAR","INSTANCING_ON","PROCEDURAL_INSTANCING_ON","SOFTPARTICLES_ON","STEREO_CUBEMAP_RENDER_ON","STEREO_INSTANCING_ON","STEREO_MULTIVIEW_ON","UNITY_SINGLE_PASS_STEREO","_ALPHABLEND_ON","_ALPHAMODULATE_ON","_ALPHAPREMULTIPLY_ON","_ALPHATEST_ON","_COLORADDSUBDIFF_ON","_COLORCOLOR_ON","_COLOROVERLAY_ON","_EMISSION","_FADING_ON","_NORMALMAP","_REQUIRE_UV2","__","_"],[],[[4,0,["_ALPHABLEND_ON"],12,13,0,0],[4,0,["_ALPHABLEND_ON"],14,15,1,0]],[],0]],[],[["_MainTex",4,0,0,0,0,"white",0],["_Color",0,1,1,1,1,"",0],["_Cutoff",3,0.5,0,1,0,"",0],["_BumpScale",2,1,0,0,0,"",0],["_BumpMap",4,0,0,0,0,"bump",0],["_EmissionColor",0,0,0,0,1,"",0],["_EmissionMap",4,0,0,0,0,"white",0],["_DistortionStrength",2,1,0,0,0,"",0],["_DistortionBlend",3,0.5,0,1,0,"",0],["_SoftParticlesNearFadeDistance",2,0,0,0,0,"",0],["_SoftParticlesFarFadeDistance",2,1,0,0,0,"",0],["_CameraNearFadeDistance",2,1,0,0,0,"",0],["_CameraFarFadeDistance",2,2,0,0,0,"",0],["_Mode",2,0,0,0,0,"",1],["_ColorMode",2,0,0,0,0,"",1],["_FlipbookMode",2,0,0,0,0,"",1],["_LightingEnabled",2,0,0,0,0,"",1],["_DistortionEnabled",2,0,0,0,0,"",1],["_EmissionEnabled",2,0,0,0,0,"",1],["_BlendOp",2,0,0,0,0,"",1],["_SrcBlend",2,1,0,0,0,"",1],["_DstBlend",2,0,0,0,0,"",1],["_ZWrite",2,1,0,0,0,"",1],["_Cull",2,2,0,0,0,"",1],["_SoftParticlesEnabled",2,0,0,0,0,"",1],["_CameraFadingEnabled",2,0,0,0,0,"",1],["_SoftParticleFadeParams",1,0,0,0,0,"",1],["_CameraFadeParams",1,0,0,0,0,"",1],["_ColorAddSubDiff",1,0,0,0,0,"",1],["_DistortionStrengthScaled",2,0,0,0,0,"",1]],30,72,0,0,0]}],"sprites":[{"id":788,"path":"Resources/unity_builtin_extra\\Background","assetBundleId":-2,"data":["Background",31,786,[0,0,0,0.08,0.08,0],[0.05,0.08,0,0.8125,1,0.08,-0.08,0,1,0,0.08,0.075,0,1,0.96875,-0.07,0.08,0,0.0625,1,-0.075,-0.08,0,0.03124997,0,-0.08,0.07,0,0,0.9375,-0.08,-0.05,0,0,0.1875],[6,5,4,3,4,5,1,4,3,0,1,3,2,1,0],-0.000835968181490898,-0.00160364620387554,0.999164044857025,0.998396337032318,0,0,1,1,0.3125,0.3125,0.3125,0.3125,[0,0,0,0],[-0.08,-0.08,0.08,0.08],200,32,32,32,32,16,16,0.0267509818077087,0.0513166785240173]}],"textures":[{"id":786,"type":0,"path":"Resources/unity_builtin_extra\\Background","assetBundleId":-2,"data":["Background",32,32,6,16,1,0,4,1,1,1,4,1,1,1,1]},{"id":772,"type":0,"path":"Resources/unity_builtin_extra\\Default-ParticleSystem","assetBundleId":-2,"data":["Default-ParticleSystem",64,64,7,1,1,0,4,1,0,1,4,1,1,1,1]}],"resources":[{"id":0,"assetBundleId":-2,"data":[[["unity_builtin_extra",30,26],["unity_builtin_extra",9,556],["unity_builtin_extra",30,180],["unity_builtin_extra",31,772],["unity_builtin_extra",9,774],["unity_builtin_extra",30,166],["unity_builtin_extra",31,786],["unity_builtin_extra",10,788],["unity_builtin_extra",30,28],["fonts & materials/liberationsans sdf",31,25530],["fonts & materials/liberationsans sdf",9,25528],["fonts & materials/liberationsans sdf - fallback",31,25452],["fonts & materials/liberationsans sdf - fallback",9,25450],["fonts & materials/liberationsans sdf - fallback",58,25448],["fonts & materials/liberationsans sdf",58,25526],["sprite assets/emojione",9,78782],["sprite assets/emojione",59,25442],["style sheets/default style sheet",60,25538],["linebreaking leading characters",56,29436],["linebreaking following characters",56,29438],["tmp settings",57,25502]],[26264,25968,25956,25968,25978,25968,25950,25968,25982,25800,26142,25800,26754,25800,25900,25800,25892,25800,25896,25800,25894,25800,25904,25800,26346,25968,26334,25968,26370,25968,25872,25968,25960,25800,25918,25800,25922,25800,25920,25800,25954,25800,25928,25800,25932,25800,25930,25800,25970,25800,25878,25800,25882,25800,25880,25800,25964,25800,25938,25800,25942,25800,25940,25800,25850,25800,25906,25800,26040,25800,26042,25800,25908,25800,27020,26236,25948,26236,27022,26236,25966,25800,121974,25800,25946,25800,121976,25800,27968,25800,26268,27070,27050,27070,27082,27070,27094,27070,28952,27070,26082,25800,28920,27070,28964,27070,28924,27070,26950,25800,26952,25800,26954,25800,25910,25800,28170,27070,28394,25800,28176,27070,28148,27070,26084,25800,26816,25800,26818,25800,26820,25800,28268,25800,26086,25800,26876,25800,26878,25800,26880,25800,28200,25800,26088,25800,26328,25800,26330,25800,26332,25800,28432,25800,26090,25800,26460,25800,26462,25800,26464,25800,28172,25800,26092,25800,26656,25800,26658,25800,26660,25800,28576,25800,26094,25800,26826,25800,26828,25800,26830,25800,28274,25800,26096,25800,26510,25800,26512,25800,26514,25800,28380,25800,26098,25800,26728,25800,26730,25800,26732,25800,28580,25800,26100,25800,26534,25800,26536,25800,26538,25800,28296,25800,26102,25800,26490,25800,26492,25800,26494,25800,28392,25800,26104,25800,26564,25800,26566,25800,26568,25800,28470,25800,26106,25800,26520,25800,26522,25800,26524,25800,28356,25800,26108,25800,26896,25800,26898,25800,26900,25800,28372,25800,26110,25800,26378,25800,26380,25800,26382,25800,28550,25800,26112,25800,26364,25800,26366,25800,26368,25800,28574,25800,26114,25800,26940,25800,26942,25800,26944,25800,28384,25800,26116,25800,26738,25800,26740,25800,26742,25800,28590,25800,26118,25800,26708,25800,26710,25800,26712,25800,28600,25800,26120,25800,26410,25800,26412,25800,26414,25800,28536,25800,26122,25800,26390,25800,26392,25800,26394,25800,28544,25800,26124,25800,26856,25800,26858,25800,26860,25800,28150,25800,26126,25800,26400,25800,26402,25800,26404,25800,28538,25800,26128,25800,26770,25800,26772,25800,26774,25800,28512,25800,26130,25800,26866,25800,26868,25800,26870,25800,28124,25800,26132,25800,26982,25800,26984,25800,26986,25800,28340,25800,26134,25800,26626,25800,26628,25800,26630,25800,28420,25800,26136,25800,26274,25800,26276,25800,26278,25800,28494,25800,26138,25800,27014,25800,27016,25800,27018,25800,28318,25800,26140,25800,26886,25800,26888,25800,26890,25800,28190,25800,26242,27034,27054,27034,28128,27034,28138,27034,27028,27034,27044,27034,28938,27034,26148,25800,28960,27034,26596,25800,29296,27034,29298,27034,29292,27034,29294,27034,27736,25800,27738,25800,28934,27034,28950,27034,26594,25800,26598,25800,25912,25800,28230,27034,28310,25800,28146,27034,28158,27034,26150,25800,26798,25800,27628,25800,27630,25800,26796,25800,26800,25800,28224,25800,26152,25800,26720,25800,27534,25800,27536,25800,26718,25800,26722,25800,28134,25800,26154,25800,26838,25800,28048,25800,28050,25800,26836,25800,26840,25800,28232,25800,26156,25800,26432,25800,27440,25800,27442,25800,26430,25800,26434,25800,28686,25800,26158,25800,26690,25800,27548,25800,27550,25800,26688,25800,26692,25800,28166,25800,26160,25800,26994,25800,27930,25800,27932,25800,26992,25800,26996,25800,28308,25800,26162,25800,26974,25800,27950,25800,27952,25800,26972,25800,26976,25800,28284,25800,26164,25800,26618,25800,27826,25800,27828,25800,26616,25800,26620,25800,28402,25800,26166,25800,26908,25800,27896,25800,27898,25800,26906,25800,26910,25800,28406,25800,26168,25800,26576,25800,27762,25800,27764,25800,26574,25800,26578,25800,28292,25800,26170,25800,26310,25800,27282,25800,27284,25800,26308,25800,26312,25800,28784,25800,26172,25800,26482,25800,27478,25800,27480,25800,26480,25800,26484,25800,28624,25800,26174,25800,26700,25800,27542,25800,27544,25800,26698,25800,26702,25800,28162,25800,26176,25800,26848,25800,28014,25800,28016,25800,26846,25800,26850,25800,28242,25800,26178,25800,26502,25800,27318,25800,27320,25800,26500,25800,26504,25800,28780,25800,26180,25800,26646,25800,27814,25800,27816,25800,26644,25800,26648,25800,28366,25800,26182,25800,26680,25800,27598,25800,27600,25800,26678,25800,26682,25800,28180,25800,26184,25800,26556,25800,27784,25800,27786,25800,26554,25800,26558,25800,28334,25800,26186,25800,27004,25800,27918,25800,27920,25800,27002,25800,27006,25800,28306,25800,26188,25800,26342,25800,27088,25800,27090,25800,26340,25800,26344,25800,28656,25800,26190,25800,26472,25800,27484,25800,27486,25800,26470,25800,26474,25800,28618,25800,26192,25800,26762,25800,27676,25800,27678,25800,26760,25800,26764,25800,28250,25800,26194,25800,26750,25800,27690,25800,27692,25800,26748,25800,26752,25800,28260,25800,26196,25800,26586,25800,27756,25800,27758,25800,26584,25800,26588,25800,28288,25800,26198,25800,26928,25800,27866,25800,27868,25800,26926,25800,26930,25800,28410,25800,26200,25800,26452,25800,27510,25800,27512,25800,26450,25800,26454,25800,28640,25800,26202,25800,26250,25800,27220,25800,27222,25800,26248,25800,26252,25800,28726,25800,26204,25800,26286,25800,27202,25800,27204,25800,26284,25800,26288,25800,28716,25800,26206,25800,26962,25800,27964,25800,27966,25800,26960,25800,26964,25800,28344,25800,26208,25800,26442,25800,27414,25800,27416,25800,26440,25800,26444,25800,28662,25800,26210,25800,26260,25800,27208,25800,27210,25800,26258,25800,26262,25800,28710,25800,26212,25800,26918,25800,27884,25800,27886,25800,26916,25800,26920,25800,28416,25800,26214,25800,26668,25800,27610,25800,27612,25800,26666,25800,26670,25800,28206,25800,26216,25800,26546,25800,27792,25800,27794,25800,26544,25800,26548,25800,28330,25800,26218,25800,26298,25800,27174,25800,27176,25800,26296,25800,26300,25800,28706,25800,26220,25800,26606,25800,27714,25800,27716,25800,26604,25800,26608,25800,28280,25800,26222,25800,26808,25800,28054,25800,28056,25800,26806,25800,26810,25800,28266,25800,26224,25800,26320,25800,27250,25800,27252,25800,26318,25800,26322,25800,28762,25800,26226,25800,26356,25800,27058,25800,27060,25800,26354,25800,26358,25800,28626,25800,26228,25800,26788,25800,27636,25800,27638,25800,26786,25800,26790,25800,28214,25800,26230,25800,26422,25800,27100,25800,27102,25800,26420,25800,26424,25800,28664,25800,25794,25800,26526,26066,26966,26066,27142,26066,26020,26066,25992,25800,27446,26066,28060,26066,26024,25800,26528,25800,26372,26066,25862,26066,25868,25800,26632,27148,28978,27148,27644,27148,29232,27148,25994,25800,29174,27148,29250,27148,28302,25800,26638,25800,28222,27148,28856,27148,28304,25800,25996,25800,26054,25800,26650,25800,25886,25800,25844,25800,25998,25800,25830,25800,25832,25800,25834,25800,25836,25800,25838,25800,25840,25800,25842,25800,25846,25800,25848,25800,25784,25800,-1602820,-1602792,-1602844,-1602792,26776,25800,-1602850,-1602792,-1602854,-1602792,-1602832,-1602792,-1602836,-1602792,-1602840,-1602792,-1602816,-1602792,25984,25800,25986,25800,25988,25800,-1602858,-1602792,-1602870,-1602792,-1602874,-1602792,-1602878,-1602792,26046,25800,26048,25800,26050,25800,-1602882,-1602792,-1602894,-1602792,-1602898,-1602792,-1602902,-1602792,26058,25800,26060,25800,26062,25800,-1602906,-1602792,-1602918,-1602792,-1602922,-1602792,-1602926,-1602792,25972,25800,25974,25800,25976,25800,-1602930,-1602792,-1602942,-1602792,-1602946,-1602792,-1602950,-1602792,26070,25800,26072,25800,26074,25800,-1602800,-1602792,-1602954,-1602792,28044,25800,28110,25800,-1602962,-1602792,-1602968,-1602792,26932,25800,26934,25800,-1602974,-1602792,27970,25800,27972,25800,121982,25800,-1602988,-1602792,-1602998,-1602792,26012,25800,26014,25800,26016,25800,-1602976,-1602792,-1603000,-1602792,-1602990,-1602792,-1603010,-1602792,28702,25800,28482,25800,28396,25800,-1603020,-1602792,-1603026,-1602792,-1603032,-1602792,-1603006,-1602792,27348,25800,-1603034,-1602792,27350,25800,27352,25800,-1603040,-1602792,28634,25800,28568,25800,28270,25800,-1603050,-1602792,-1603056,-1602792,-1603062,-1602792,27470,25800,-1603064,-1602792,27472,25800,27474,25800,-1603070,-1602792,28670,25800,28534,25800,28202,25800,-1603080,-1602792,-1603086,-1602792,-1603092,-1602792,27402,25800,-1603094,-1602792,27404,25800,27406,25800,-1603100,-1602792,28484,25800,28720,25800,28812,25800,-1603110,-1602792,-1603116,-1602792,-1603122,-1602792,27740,25800,-1603124,-1602792,27742,25800,27744,25800,-1603130,-1602792,28248,25800,28858,25800,28652,25800,-1603140,-1602792,-1603146,-1602792,-1603152,-1602792,28036,25800,-1603154,-1602792,28038,25800,28040,25800,-1603160,-1602792,28872,25800,28264,25800,28578,25800,-1603170,-1602792,-1603176,-1602792,-1603182,-1602792,27164,25800,-1603184,-1602792,27166,25800,27168,25800,-1603190,-1602792,28630,25800,28572,25800,28276,25800,-1603200,-1602792,-1603206,-1602792,-1603212,-1602792,27488,25800,-1603214,-1602792,27490,25800,27492,25800,-1603220,-1602792,28316,25800,28834,25800,28746,25800,-1603230,-1602792,-1603236,-1602792,-1603242,-1602792,27980,25800,-1603244,-1602792,27982,25800,27984,25800,-1603250,-1602792,28846,25800,28218,25800,28582,25800,-1603260,-1602792,-1603266,-1602792,-1603272,-1602792,27106,25800,-1603274,-1602792,27108,25800,27110,25800,-1603280,-1602792,28358,25800,28800,25800,28736,25800,-1603290,-1602792,-1603296,-1602792,-1603302,-1602792,27854,25800,-1603304,-1602792,27856,25800,27858,25800,-1603310,-1602792,28324,25800,28830,25800,28744,25800,-1603320,-1602792,-1603326,-1602792,-1603332,-1602792,27974,25800,-1603334,-1602792,27976,25800,27978,25800,-1603340,-1602792,28804,25800,28400,25800,28472,25800,-1603350,-1602792,-1603356,-1602792,-1603362,-1602792,27258,25800,-1603364,-1602792,27260,25800,27262,25800,-1603370,-1602792,28286,25800,28816,25800,28772,25800,-1603380,-1602792,-1603386,-1602792,-1603392,-1602792,27910,25800,-1603394,-1602792,27912,25800,27914,25800,-1603400,-1602792,28740,25800,28508,25800,28374,25800,-1603410,-1602792,-1603416,-1602792,-1603422,-1602792,27372,25800,-1603424,-1602792,27374,25800,27376,25800,-1603430,-1602792,28608,25800,28654,25800,28860,25800,-1603440,-1602792,-1603446,-1602792,-1603452,-1602792,27602,25800,-1603454,-1602792,27604,25800,27606,25800,-1603460,-1602792,28530,25800,28674,25800,28910,25800,-1603470,-1602792,-1603476,-1602792,-1603482,-1602792,27662,25800,-1603484,-1602792,27664,25800,27666,25800,-1603490,-1602792,28700,25800,28480,25800,28386,25800,-1603500,-1602792,-1603506,-1602792,-1603512,-1602792,27340,25800,-1603514,-1602792,27342,25800,27344,25800,-1603520,-1602792,28844,25800,28234,25800,28592,25800,-1603530,-1602792,-1603536,-1602792,-1603542,-1602792,27112,25800,-1603544,-1602792,27114,25800,27116,25800,-1603550,-1602792,28854,25800,28210,25800,28602,25800,-1603560,-1602792,-1603566,-1602792,-1603572,-1602792,27120,25800,-1603574,-1602792,27122,25800,27124,25800,-1603580,-1602792,28586,25800,28646,25800,28842,25800,-1603590,-1602792,-1603596,-1602792,-1603602,-1602792,27564,25800,-1603604,-1602792,27566,25800,27568,25800,-1603610,-1602792,28604,25800,28642,25800,28848,25800,-1603620,-1602792,-1603626,-1602792,-1603632,-1602792,27582,25800,-1603634,-1602792,27584,25800,27586,25800,-1603640,-1602792,28694,25800,28554,25800,28152,25800,-1603650,-1602792,-1603656,-1602792,-1603662,-1602792,27432,25800,-1603664,-1602792,27434,25800,27436,25800,-1603670,-1602792,28598,25800,28644,25800,28850,25800,-1603680,-1602792,-1603686,-1602792,-1603692,-1602792,27590,25800,-1603694,-1602792,27592,25800,27594,25800,-1603700,-1602792,28898,25800,28196,25800,28514,25800,-1603710,-1602792,-1603716,-1602792,-1603722,-1602792,27072,25800,-1603724,-1602792,27074,25800,27076,25800,-1603730,-1602792,28690,25800,28542,25800,28126,25800,-1603740,-1602792,-1603746,-1602792,-1603752,-1602792,27418,25800,-1603754,-1602792,27420,25800,27422,25800,-1603760,-1602792,28754,25800,28444,25800,28342,25800,-1603770,-1602792,-1603776,-1602792,-1603782,-1602792,27302,25800,-1603784,-1602792,27304,25800,27306,25800,-1603790,-1602792,28828,25800,28326,25800,28422,25800,-1603800,-1602792,-1603806,-1602792,-1603812,-1602792,27212,25800,-1603814,-1602792,27214,25800,27216,25800,-1603820,-1602792,28440,25800,28760,25800,28840,25800,-1603830,-1602792,-1603836,-1602792,-1603842,-1602792,27818,25800,-1603844,-1602792,27820,25800,27822,25800,-1603850,-1602792,28742,25800,28430,25800,28320,25800,-1603860,-1602792,-1603866,-1602792,-1603872,-1602792,27292,25800,-1603874,-1602792,27294,25800,27296,25800,-1603880,-1602792,28668,25800,28510,25800,28192,25800,-1603890,-1602792,-1603896,-1602792,-1603902,-1602792,27388,25800,-1603904,-1602792,27390,25800,27392,25800,-1603914,-1602792,28596,25800,-1603930,-1602792,29124,25800,29126,25800,29128,25800,28976,25800,-1603936,-1602792,-1603946,-1602792,28408,25800,28312,25800,-1603924,-1602792,-1603952,-1602792,-1603910,-1602792,27704,25800,-1603954,-1602792,27706,25800,27708,25800,-1603960,-1602792,28458,25800,-1603976,-1602792,29092,25800,29094,25800,29096,25800,29010,25800,-1603982,-1602792,-1603992,-1602792,28178,25800,28226,25800,-1603970,-1602792,-1603998,-1602792,27648,25800,-1604000,-1602792,27650,25800,27652,25800,-1604006,-1602792,28506,25800,-1604022,-1602792,29052,25800,29054,25800,29056,25800,29034,25800,-1604028,-1602792,-1604038,-1602792,28254,25800,28136,25800,-1604016,-1602792,-1604044,-1602792,27554,25800,-1604046,-1602792,27556,25800,27558,25800,-1604052,-1602792,28382,25800,-1604068,-1602792,29024,25800,29026,25800,29028,25800,29070,25800,-1604074,-1602792,-1604084,-1602792,28612,25800,28526,25800,-1604062,-1602792,-1604090,-1602792,28020,25800,-1604092,-1602792,28022,25800,28024,25800,-1604098,-1602792,28748,25800,-1604114,-1602792,29184,25800,29186,25800,29188,25800,29248,25800,-1604120,-1602792,-1604130,-1602792,28888,25800,28878,25800,-1604108,-1602792,-1604136,-1602792,27424,25800,-1604138,-1602792,27426,25800,27428,25800,-1604144,-1602792,28502,25800,-1604160,-1602792,29058,25800,29060,25800,29062,25800,29032,25800,-1604166,-1602792,-1604176,-1602792,28256,25800,28168,25800,-1604154,-1602792,-1604182,-1602792,27526,25800,-1604184,-1602792,27528,25800,27530,25800,-1604190,-1602792,28198,25800,-1604206,-1602792,28992,25800,28994,25800,28996,25800,29102,25800,-1604212,-1602792,-1604222,-1602792,28452,25800,28474,25800,-1604200,-1602792,-1604228,-1602792,27956,25800,-1604230,-1602792,27958,25800,27960,25800,-1604236,-1602792,28188,25800,-1604252,-1602792,28998,25800,29000,25800,29002,25800,29100,25800,-1604258,-1602792,-1604268,-1602792,28462,25800,28486,25800,-1604246,-1602792,-1604274,-1602792,27922,25800,-1604276,-1602792,27924,25800,27926,25800,-1604282,-1602792,28532,25800,-1604298,-1602792,29144,25800,29146,25800,29148,25800,28962,25800,-1604304,-1602792,-1604314,-1602792,28278,25800,28404,25800,-1604292,-1602792,-1604320,-1602792,27840,25800,-1604322,-1602792,27842,25800,27844,25800,-1604328,-1602792,28212,25800,-1604344,-1602792,28954,25800,28956,25800,28958,25800,29150,25800,-1604350,-1602792,-1604360,-1602792,28492,25800,28454,25800,-1604338,-1602792,-1604366,-1602792,27874,25800,-1604368,-1602792,27876,25800,27878,25800,-1604374,-1602792,28584,25800,-1604390,-1602792,29138,25800,29140,25800,29142,25800,28966,25800,-1604396,-1602792,-1604406,-1602792,28418,25800,28294,25800,-1604384,-1602792,-1604412,-1602792,27724,25800,-1604414,-1602792,27726,25800,27728,25800,-1604420,-1602792,28852,25800,-1604436,-1602792,29276,25800,29278,25800,29280,25800,29170,25800,-1604442,-1602792,-1604452,-1602792,28714,25800,28786,25800,-1604430,-1602792,-1604458,-1602792,27266,25800,-1604460,-1602792,27268,25800,27270,25800,-1604466,-1602792,28724,25800,-1604482,-1602792,29214,25800,29216,25800,29218,25800,29220,25800,-1604488,-1602792,-1604498,-1602792,28874,25800,28892,25800,-1604476,-1602792,-1604504,-1602792,27452,25800,-1604506,-1602792,27454,25800,27456,25800,-1604512,-1602792,28500,25800,-1604528,-1602792,29064,25800,29066,25800,29068,25800,29030,25800,-1604534,-1602792,-1604544,-1602792,28258,25800,28164,25800,-1604522,-1602792,-1604550,-1602792,27520,25800,-1604552,-1602792,27522,25800,27524,25800,-1604558,-1602792,28412,25800,-1604574,-1602792,29016,25800,29018,25800,29020,25800,29078,25800,-1604580,-1602792,-1604590,-1602792,28594,25800,28516,25800,-1604568,-1602792,-1604596,-1602792,28030,25800,-1604598,-1602792,28032,25800,28034,25800,-1604604,-1602792,28676,25800,-1604620,-1602792,29162,25800,29164,25800,29166,25800,29288,25800,-1604626,-1602792,-1604636,-1602792,28818,25800,28810,25800,-1604614,-1602792,-1604642,-1602792,27328,25800,-1604644,-1602792,27330,25800,27332,25800,-1604650,-1602792,28546,25800,-1604666,-1602792,29154,25800,29156,25800,29158,25800,28948,25800,-1604672,-1602792,-1604682,-1602792,28338,25800,28368,25800,-1604660,-1602792,-1604688,-1602792,27802,25800,-1604690,-1602792,27804,25800,27806,25800,-1604696,-1602792,28490,25800,-1604712,-1602792,29040,25800,29042,25800,29044,25800,29038,25800,-1604718,-1602792,-1604728,-1602792,28228,25800,28182,25800,-1604706,-1602792,-1604734,-1602792,27616,25800,-1604736,-1602792,27618,25800,27620,25800,-1604742,-1602792,28562,25800,-1604758,-1602792,29112,25800,29114,25800,29116,25800,28982,25800,-1604764,-1602792,-1604774,-1602792,28362,25800,28336,25800,-1604752,-1602792,-1604780,-1602792,27766,25800,-1604782,-1602792,27768,25800,27770,25800,-1604788,-1602792,28204,25800,-1604804,-1602792,28986,25800,28988,25800,28990,25800,29104,25800,-1604810,-1602792,-1604820,-1602792,28448,25800,28468,25800,-1604798,-1602792,-1604826,-1602792,27942,25800,-1604828,-1602792,27944,25800,27946,25800,-1604834,-1602792,28820,25800,-1604850,-1602792,29224,25800,29226,25800,29228,25800,29206,25800,-1604856,-1602792,-1604866,-1602792,28672,25800,28658,25800,-1604844,-1602792,-1604872,-1602792,27064,25800,-1604874,-1602792,27066,25800,27068,25800,-1604880,-1602792,28730,25800,-1604896,-1602792,29208,25800,29210,25800,29212,25800,29222,25800,-1604902,-1602792,-1604912,-1602792,28876,25800,28886,25800,-1604890,-1602792,-1604918,-1602792,27458,25800,-1604920,-1602792,27460,25800,27462,25800,-1604926,-1602792,28434,25800,-1604942,-1602792,29072,25800,29074,25800,29076,25800,29022,25800,-1604948,-1602792,-1604958,-1602792,28144,25800,28252,25800,-1604936,-1602792,-1604964,-1602792,27694,25800,-1604966,-1602792,27696,25800,27698,25800,-1604972,-1602792,28426,25800,-1604988,-1602792,29080,25800,29082,25800,29084,25800,29014,25800,-1604994,-1602792,-1605004,-1602792,28160,25800,28262,25800,-1604982,-1602792,-1605010,-1602792,27668,25800,-1605012,-1602792,27670,25800,27672,25800,-1605018,-1602792,28588,25800,-1605034,-1602792,29130,25800,29132,25800,29134,25800,28968,25800,-1605040,-1602792,-1605050,-1602792,28414,25800,28290,25800,-1605028,-1602792,-1605056,-1602792,27718,25800,-1605058,-1602792,27720,25800,27722,25800,-1605064,-1602792,28244,25800,-1605080,-1602792,28928,25800,28930,25800,28932,25800,29160,25800,-1605086,-1602792,-1605096,-1602792,28466,25800,28450,25800,-1605074,-1602792,-1605102,-1602792,27888,25800,-1605104,-1602792,27890,25800,27892,25800,-1605110,-1602792,28704,25800,-1605126,-1602792,29200,25800,29202,25800,29204,25800,29230,25800,-1605132,-1602792,-1605142,-1602792,28864,25800,28906,25800,-1605120,-1602792,-1605148,-1602792,27496,25800,-1605150,-1602792,27498,25800,27500,25800,-1605156,-1602792,28890,25800,-1605172,-1602792,29252,25800,29254,25800,29256,25800,29182,25800,-1605178,-1602792,-1605188,-1602792,28752,25800,28728,25800,-1605166,-1602792,-1605194,-1602792,27226,25800,-1605196,-1602792,27228,25800,27230,25800,-1605202,-1602792,28902,25800,-1605218,-1602792,29264,25800,29266,25800,29268,25800,29178,25800,-1605224,-1602792,-1605234,-1602792,28782,25800,28718,25800,-1605212,-1602792,-1605240,-1602792,27180,25800,-1605242,-1602792,27182,25800,27184,25800,-1605248,-1602792,28156,25800,-1605264,-1602792,28970,25800,28972,25800,28974,25800,29136,25800,-1605270,-1602792,-1605280,-1602792,28428,25800,28504,25800,-1605258,-1602792,-1605286,-1602792,27994,25800,-1605288,-1602792,27996,25800,27998,25800,-1605294,-1602792,28770,25800,-1605310,-1602792,29192,25800,29194,25800,29196,25800,29240,25800,-1605316,-1602792,-1605326,-1602792,28908,25800,28862,25800,-1605304,-1602792,-1605332,-1602792,27396,25800,-1605334,-1602792,27398,25800,27400,25800,-1605340,-1602792,28896,25800,-1605356,-1602792,29270,25800,29272,25800,29274,25800,29172,25800,-1605362,-1602792,-1605372,-1602792,28788,25800,28712,25800,-1605350,-1602792,-1605378,-1602792,27188,25800,-1605380,-1602792,27190,25800,27192,25800,-1605386,-1602792,28236,25800,-1605402,-1602792,28940,25800,28942,25800,28944,25800,29152,25800,-1605408,-1602792,-1605418,-1602792,28478,25800,28446,25800,-1605396,-1602792,-1605424,-1602792,27900,25800,-1605426,-1602792,27902,25800,27904,25800,-1605432,-1602792,28476,25800,-1605448,-1602792,29046,25800,29048,25800,29050,25800,29036,25800,-1605454,-1602792,-1605464,-1602792,28240,25800,28208,25800,-1605442,-1602792,-1605470,-1602792,27574,25800,-1605472,-1602792,27576,25800,27578,25800,-1605478,-1602792,28566,25800,-1605494,-1602792,29106,25800,29108,25800,29110,25800,28984,25800,-1605500,-1602792,-1605510,-1602792,28376,25800,28332,25800,-1605488,-1602792,-1605516,-1602792,27772,25800,-1605518,-1602792,27774,25800,27776,25800,-1605524,-1602792,28904,25800,-1605540,-1602792,29258,25800,29260,25800,29262,25800,29180,25800,-1605546,-1602792,-1605556,-1602792,28768,25800,28708,25800,-1605534,-1602792,-1605562,-1602792,27194,25800,-1605564,-1602792,27196,25800,27198,25800,-1605570,-1602792,28616,25800,-1605586,-1602792,29118,25800,29120,25800,29122,25800,28980,25800,-1605592,-1602792,-1605602,-1602792,28388,25800,28282,25800,-1605580,-1602792,-1605608,-1602792,27746,25800,-1605610,-1602792,27748,25800,27750,25800,-1605616,-1602792,28370,25800,-1605632,-1602792,29004,25800,29006,25800,29008,25800,29098,25800,-1605638,-1602792,-1605648,-1602792,28560,25800,28548,25800,-1605626,-1602792,-1605654,-1602792,28062,25800,-1605656,-1602792,28064,25800,28066,25800,-1605662,-1602792,28868,25800,-1605678,-1602792,29282,25800,29284,25800,29286,25800,29168,25800,-1605684,-1602792,-1605694,-1602792,28738,25800,28764,25800,-1605672,-1602792,-1605700,-1602792,27234,25800,-1605702,-1602792,27236,25800,27238,25800,-1605708,-1602792,28824,25800,-1605724,-1602792,29234,25800,29236,25800,29238,25800,29198,25800,-1605730,-1602792,-1605740,-1602792,28698,25800,28628,25800,-1605718,-1602792,-1605746,-1602792,27036,25800,-1605748,-1602792,27038,25800,27040,25800,-1605754,-1602792,28464,25800,-1605770,-1602792,29086,25800,29088,25800,29090,25800,29012,25800,-1605776,-1602792,-1605786,-1602792,28184,25800,28216,25800,-1605764,-1602792,-1605792,-1602792,27654,25800,-1605794,-1602792,27656,25800,27658,25800,-1605800,-1602792,28814,25800,-1605816,-1602792,29242,25800,29244,25800,29246,25800,29190,25800,-1605822,-1602792,-1605832,-1602792,28636,25800,28666,25800,-1605810,-1602792,-1605838,-1602792,27130,25800,-1605840,-1602792,27132,25800,27134,25800,-1602794,-1602792,26026,25800,26028,25800,26030,25800,26032,25800,26034,25800,26036,25800,-1605846,-1602792,25796,25800,26780,25800,-1605860,-1602792,-1605854,-1602792,26068,25800,-1605862,-1602792,-1605866,-1602792,25798,25800,28300,25800,-1605880,-1602792,-1605874,-1602792,27150,25800,27152,25800,-1605882,-1602792,-1605886,-1602792,25792,25800,27008,25800,-1605900,-1602792,-1605894,-1602792,-1605902,-1602792,26044,25800,27156,25800,27158,25800,27160,25800,-1605906,-1602792,-1605910,-1602792,-1602890,-1602792,-1602828,-1602792,-1602914,-1602792,-1602938,-1602792,-1602866,-1602792,-1602846,-1602792,-1602984,-1602792,-1605888,-1602792,-1605850,-1602792]]}],"project-settings":[{"id":-1,"assetBundleId":-2,"data":[[["UnityEngine.U2D.CinemachinePixelPerfect",-1],["UnityEngine.EventSystems.EventSystem",-1000],["UnityEngine.UI.ToggleGroup",10],["TMPro.TextMeshPro",-105],["TMPro.TextMeshProUGUI",-100],["TMPro.TextContainer",-110]],[[0,"Default",0]],[[0,"Default"],[1,"TransparentFX"],[2,"Ignore Raycast"],[4,"Water"],[5,"UI"]],[0.0199999995529652,0.333333343267441,1,0.0299999993294477],[0,-9.8100004196167,0,6,2,0,1,[[0,0,0],[0,0,1],[0,0,2],[0,0,4],[0,0,5],[0,1,0],[0,1,1],[0,1,2],[0,1,4],[0,1,5],[0,2,0],[0,2,1],[0,2,2],[0,2,4],[0,2,5],[0,4,0],[0,4,1],[0,4,2],[0,4,4],[0,4,5],[0,5,0],[0,5,1],[0,5,2],[0,5,4],[0,5,5]]],[null,null,0,-9.8100004196167,3,8,1,0.200000002980232,8,100,360,0.200000002980232,0.75,0.5,0.00999999977648258,2,0.00999999977648258,1,1,1,1,1,0,[[0,0,0],[0,0,1],[0,0,2],[0,0,4],[0,0,5],[0,1,0],[0,1,1],[0,1,2],[0,1,4],[0,1,5],[0,2,0],[0,2,1],[0,2,2],[0,2,4],[0,2,5],[0,4,0],[0,4,1],[0,4,2],[0,4,4],[0,4,5],[0,5,0],[0,5,1],[0,5,2],[0,5,4],[0,5,5]]],[[[[],["Very Low","Low","Medium","High","Very High","Ultra"],0,0,0,0.300000011920929,1,15,0,1,0,0,0,1,1,1,2,4,0,0,0.333333343267441,0.0666666701436043,0.200000002980232,0.466666668653488,0,0,16,2,0,3,512,0,1,2,512,1,1024,0],[[],["Very Low","Low","Medium","High","Very High","Ultra"],0,0,0,0.400000005960464,1,20,0,1,0,0,0,1,1,0,2,16,0,0,0.333333343267441,0.0666666701436043,0.200000002980232,0.466666668653488,0,0,16,2,0,3,512,0,1,2,512,1,1024,1],[[],["Very Low","Low","Medium","High","Very High","Ultra"],1,1,0,0.699999988079071,1,20,0,1,0,0,0,1,1,0,2,64,1,0,0.333333343267441,0.0666666701436043,0.200000002980232,0.466666668653488,0,1,16,2,0,3,512,0,1,2,512,1,1024,2],[[],["Very Low","Low","Medium","High","Very High","Ultra"],2,1,0,1,2,40,1,1,1,0,1,1,1,0,2,256,2,1,0.333333343267441,0.0666666701436043,0.200000002980232,0.466666668653488,0,1,16,2,1,3,512,0,1,2,512,1,1024,3],[[],["Very Low","Low","Medium","High","Very High","Ultra"],2,2,2,1.5,2,70,1,1,2,1,1,1,1,0,2,1024,3,1,0.333333343267441,0.0666666701436043,0.200000002980232,0.466666668653488,0,1,16,2,1,3,512,0,1,2,512,1,1024,4],[[],["Very Low","Low","Medium","High","Very High","Ultra"],2,2,2,2,4,150,1,1,2,1,1,1,1,0,2,4096,4,1,0.333333343267441,0.0666666701436043,0.200000002980232,0.466666668653488,0,1,16,2,1,3,512,0,1,2,512,1,1024,5]],["Very Low","Low","Medium","High","Very High","Ultra"],2,2,2,2,4,150,1,1,2,1,1,1,1,0,2,4096,4,1,0.333333343267441,0.0666666701436043,0.200000002980232,0.466666668653488,0,1,16,2,1,3,512,0,1,2,512,1,1024,5],0,0,0,2,1,["Untagged","Respawn","Finish","EditorOnly","MainCamera","Player","GameController","Pin","Lava","Water","Rock","Ring","DeathZone"]]}]}