{"materials":[{"id":774,"path":"Resources/unity_builtin_extra\\Default-ParticleSystem","assetBundleId":-2,"data":["Default-ParticleSystem",0,180,3000,0,[["_Cutoff",0.5],["_BumpScale",1],["_DistortionStrength",1],["_DistortionBlend",0.5],["_SoftParticlesNearFadeDistance",0],["_SoftParticlesFarFadeDistance",1],["_CameraNearFadeDistance",1],["_CameraFarFadeDistance",2],["_Mode",2],["_ColorMode",0],["_FlipbookMode",0],["_LightingEnabled",0],["_DistortionEnabled",0],["_EmissionEnabled",0],["_BlendOp",0],["_SrcBlend",5],["_DstBlend",10],["_ZWrite",0],["_Cull",2],["_SoftParticlesEnabled",0],["_CameraFadingEnabled",0],["_DistortionStrengthScaled",0]],[["_Color",1,1,1,1],["_EmissionColor",0,0,0,1]],[["_MainTex_ST",1,1,0,0],["_BumpMap_ST",1,1,0,0],["_EmissionMap_ST",1,1,0,0],["_SoftParticleFadeParams",0,0,0,0],["_CameraFadeParams",0,1e9999,0,0],["_ColorAddSubDiff",0,0,0,0]],[["_MainTex",27,772],["_BumpMap",null,null],["_EmissionMap",null,null]],[["_ALPHABLEND_ON",1]]]},{"id":556,"path":"Resources/unity_builtin_extra\\Sprites-Default","assetBundleId":-2,"data":["Sprites-Default",0,26,3000,0,[["PixelSnap",0],["_EnableExternalAlpha",0]],[["_Color",1,1,1,1],["_RendererColor",1,1,1,1]],[["_MainTex_ST",1,1,0,0],["_Flip",1,1,1,1],["_AlphaTex_ST",1,1,0,0]],[["_MainTex",null,null],["_AlphaTex",null,null]],[]]}],"shaders":[{"id":166,"assetBundleId":-2,"data":[[],"Legacy Shaders/Particles/Alpha Blended",null,["FOG_EXP","FOG_EXP2","FOG_LINEAR","SOFTPARTICLES_ON","STEREO_CUBEMAP_RENDER_ON","STEREO_INSTANCING_ON","STEREO_MULTIVIEW_ON","UNITY_SINGLE_PASS_STEREO","__"],[[0,0,"",0,"",0,[4,null],[0,null],[0,null],[[5,null],[10,null],[0,null]],[[5,null],[10,null],[0,null]],[14,null],[0,null],[0,null],[0,null],[255,null],[255,null],[[0,null],[0,null],[0,null],[8,null]],[[0,null],[0,null],[0,null],[8,null]],[[0,null],[0,null],[0,null],[8,null]],[["IGNOREPROJECTOR","true"],["PreviewType","Plane"],["QUEUE","Transparent"],["RenderType","Transparent"]],["FOG_EXP","FOG_EXP2","FOG_LINEAR","SOFTPARTICLES_ON","STEREO_CUBEMAP_RENDER_ON","STEREO_INSTANCING_ON","STEREO_MULTIVIEW_ON","UNITY_SINGLE_PASS_STEREO","__"],[],[],[],0]],[],[["_TintColor",0,0.5,0.5,0.5,0.5,"",0],["_MainTex",4,0,0,0,0,"white",0],["_InvFade",3,1,0.00999999977648258,3,0,"",0]],null,null,0,0,0]},{"id":180,"assetBundleId":-2,"data":[[],"Particles/Standard Unlit",null,["SHADOWS_DEPTH","_ALPHABLEND_ON","_ALPHAMODULATE_ON","_ALPHAPREMULTIPLY_ON","_ALPHATEST_ON","_REQUIRE_UV2","FOG_EXP","FOG_EXP2","FOG_LINEAR","_COLORADDSUBDIFF_ON","_COLORCOLOR_ON","_COLOROVERLAY_ON","_EMISSION","_FADING_ON","_NORMALMAP","INSTANCING_ON","PROCEDURAL_INSTANCING_ON","SHADOWS_CUBE","STEREO_CUBEMAP_RENDER_ON","STEREO_INSTANCING_ON","STEREO_MULTIVIEW_ON","UNITY_SINGLE_PASS_STEREO","__","_","EFFECT_BUMP","SOFTPARTICLES_ON"],[[0,0,"",0,"_GrabTexture",0,[0,null],[0,null],[0,null],[[1,null],[0,null],[0,null]],[[1,null],[0,null],[0,null]],[15,null],[0,null],[0,null],[0,null],[0,null],[0,null],[[0,null],[0,null],[0,null],[0,null]],[[0,null],[0,null],[0,null],[0,null]],[[0,null],[0,null],[0,null],[0,null]],[["LIGHTMODE","GRABPASS"]],[],[],[],[],0],[1,0,"ShadowCaster",8,"",0,[4,null],[1,null],[0,null],[[1,null],[0,null],[0,null]],[[1,null],[0,null],[0,null]],[14,null],[0,null],[0,null],[0,null],[255,null],[255,null],[[0,null],[0,null],[0,null],[8,null]],[[0,null],[0,null],[0,null],[8,null]],[[0,null],[0,null],[0,null],[8,null]],[["IGNOREPROJECTOR","true"],["LIGHTMODE","SHADOWCASTER"],["PerformanceChecks","False"],["PreviewType","Plane"],["RenderType","Opaque"],["SHADOWSUPPORT","true"]],["INSTANCING_ON","PROCEDURAL_INSTANCING_ON","SHADOWS_CUBE","SHADOWS_DEPTH","STEREO_CUBEMAP_RENDER_ON","STEREO_INSTANCING_ON","STEREO_MULTIVIEW_ON","UNITY_SINGLE_PASS_STEREO","_ALPHABLEND_ON","_ALPHAMODULATE_ON","_ALPHAPREMULTIPLY_ON","_ALPHATEST_ON","_REQUIRE_UV2","__","_"],[],[],[],0],[4,0,"",0,"",0,[4,null],[0,"_ZWrite"],[0,"_Cull"],[[0,"_SrcBlend"],[0,"_DstBlend"],[0,"_BlendOp"]],[[0,"_SrcBlend"],[0,"_DstBlend"],[0,"_BlendOp"]],[14,null],[0,null],[0,null],[0,null],[255,null],[255,null],[[0,null],[0,null],[0,null],[8,null]],[[0,null],[0,null],[0,null],[8,null]],[[0,null],[0,null],[0,null],[8,null]],[["IGNOREPROJECTOR","true"],["PerformanceChecks","False"],["PreviewType","Plane"],["RenderType","Opaque"]],["EFFECT_BUMP","FOG_EXP","FOG_EXP2","FOG_LINEAR","INSTANCING_ON","PROCEDURAL_INSTANCING_ON","SOFTPARTICLES_ON","STEREO_CUBEMAP_RENDER_ON","STEREO_INSTANCING_ON","STEREO_MULTIVIEW_ON","UNITY_SINGLE_PASS_STEREO","_ALPHABLEND_ON","_ALPHAMODULATE_ON","_ALPHAPREMULTIPLY_ON","_ALPHATEST_ON","_COLORADDSUBDIFF_ON","_COLORCOLOR_ON","_COLOROVERLAY_ON","_EMISSION","_FADING_ON","_NORMALMAP","_REQUIRE_UV2","__","_"],[],[],[],0]],[],[["_MainTex",4,0,0,0,0,"white",0],["_Color",0,1,1,1,1,"",0],["_Cutoff",3,0.5,0,1,0,"",0],["_BumpScale",2,1,0,0,0,"",0],["_BumpMap",4,0,0,0,0,"bump",0],["_EmissionColor",0,0,0,0,1,"",0],["_EmissionMap",4,0,0,0,0,"white",0],["_DistortionStrength",2,1,0,0,0,"",0],["_DistortionBlend",3,0.5,0,1,0,"",0],["_SoftParticlesNearFadeDistance",2,0,0,0,0,"",0],["_SoftParticlesFarFadeDistance",2,1,0,0,0,"",0],["_CameraNearFadeDistance",2,1,0,0,0,"",0],["_CameraFarFadeDistance",2,2,0,0,0,"",0],["_Mode",2,0,0,0,0,"",1],["_ColorMode",2,0,0,0,0,"",1],["_FlipbookMode",2,0,0,0,0,"",1],["_LightingEnabled",2,0,0,0,0,"",1],["_DistortionEnabled",2,0,0,0,0,"",1],["_EmissionEnabled",2,0,0,0,0,"",1],["_BlendOp",2,0,0,0,0,"",1],["_SrcBlend",2,1,0,0,0,"",1],["_DstBlend",2,0,0,0,0,"",1],["_ZWrite",2,1,0,0,0,"",1],["_Cull",2,2,0,0,0,"",1],["_SoftParticlesEnabled",2,0,0,0,0,"",1],["_CameraFadingEnabled",2,0,0,0,0,"",1],["_SoftParticleFadeParams",1,0,0,0,0,"",1],["_CameraFadeParams",1,0,0,0,0,"",1],["_ColorAddSubDiff",1,0,0,0,0,"",1],["_DistortionStrengthScaled",2,0,0,0,0,"",1]],0,72,0,0,0]},{"id":160,"assetBundleId":-2,"data":[[],"Legacy Shaders/Particles/Additive",null,["FOG_EXP","FOG_EXP2","FOG_LINEAR","SOFTPARTICLES_ON","STEREO_CUBEMAP_RENDER_ON","STEREO_INSTANCING_ON","STEREO_MULTIVIEW_ON","UNITY_SINGLE_PASS_STEREO","__"],[[0,0,"",0,"",0,[4,null],[0,null],[0,null],[[5,null],[1,null],[0,null]],[[5,null],[1,null],[0,null]],[14,null],[0,null],[0,null],[0,null],[255,null],[255,null],[[0,null],[0,null],[0,null],[8,null]],[[0,null],[0,null],[0,null],[8,null]],[[0,null],[0,null],[0,null],[8,null]],[["IGNOREPROJECTOR","true"],["PreviewType","Plane"],["QUEUE","Transparent"],["RenderType","Transparent"]],["FOG_EXP","FOG_EXP2","FOG_LINEAR","SOFTPARTICLES_ON","STEREO_CUBEMAP_RENDER_ON","STEREO_INSTANCING_ON","STEREO_MULTIVIEW_ON","UNITY_SINGLE_PASS_STEREO","__"],[],[[0,0,[],0,1,0,0],[0,0,[],2,3,1,0]],[],0]],[],[["_TintColor",0,0.5,0.5,0.5,0.5,"",0],["_MainTex",4,0,0,0,0,"white",0],["_InvFade",3,1,0.00999999977648258,3,0,"",0]],null,null,0,0,0]},{"id":26,"assetBundleId":-2,"data":[[],"Sprites/Default",null,["PIXELSNAP_ON","ETC1_EXTERNAL_ALPHA","INSTANCING_ON","STEREO_CUBEMAP_RENDER_ON","STEREO_INSTANCING_ON","STEREO_MULTIVIEW_ON","UNITY_SINGLE_PASS_STEREO","_","__"],[[0,0,"",0,"",0,[4,null],[0,null],[0,null],[[1,null],[10,null],[0,null]],[[1,null],[10,null],[0,null]],[15,null],[0,null],[0,null],[0,null],[255,null],[255,null],[[0,null],[0,null],[0,null],[8,null]],[[0,null],[0,null],[0,null],[8,null]],[[0,null],[0,null],[0,null],[8,null]],[["CanUseSpriteAtlas","true"],["IGNOREPROJECTOR","true"],["PreviewType","Plane"],["QUEUE","Transparent"],["RenderType","Transparent"]],["ETC1_EXTERNAL_ALPHA","INSTANCING_ON","PIXELSNAP_ON","STEREO_CUBEMAP_RENDER_ON","STEREO_INSTANCING_ON","STEREO_MULTIVIEW_ON","UNITY_SINGLE_PASS_STEREO","_","__"],[],[[0,0,[],8,9,0,0],[0,0,[],10,11,1,0]],[],0]],[],[["_MainTex",4,0,0,0,0,"white",2],["_Color",0,1,1,1,1,"",0],["PixelSnap",2,0,0,0,0,"",0],["_RendererColor",0,1,1,1,1,"",1],["_Flip",1,1,1,1,1,"",1],["_AlphaTex",4,0,0,0,0,"white",2],["_EnableExternalAlpha",2,0,0,0,0,"",2]],null,null,0,0,0]},{"id":48,"assetBundleId":-2,"data":[[],"Hidden/BlitCopy",null,["STEREO_CUBEMAP_RENDER_ON","STEREO_INSTANCING_ON","STEREO_MULTIVIEW_ON","UNITY_SINGLE_PASS_STEREO"],[[0,0,"",0,"",0,[8,null],[0,null],[0,null],[[1,null],[0,null],[0,null]],[[1,null],[0,null],[0,null]],[15,null],[0,null],[0,null],[0,null],[255,null],[255,null],[[0,null],[0,null],[0,null],[8,null]],[[0,null],[0,null],[0,null],[8,null]],[[0,null],[0,null],[0,null],[8,null]],[],["STEREO_CUBEMAP_RENDER_ON","STEREO_INSTANCING_ON","STEREO_MULTIVIEW_ON","UNITY_SINGLE_PASS_STEREO"],[],[],[],0]],[],[["_MainTex",4,0,0,0,0,"",0],["_Color",0,1,1,1,1,"",0]],null,null,0,0,0]},{"id":28,"assetBundleId":-2,"data":[[],"UI/Default",null,["UNITY_UI_ALPHACLIP","UNITY_UI_CLIP_RECT","STEREO_CUBEMAP_RENDER_ON","STEREO_INSTANCING_ON","STEREO_MULTIVIEW_ON","UNITY_SINGLE_PASS_STEREO","_"],[[0,0,"Default",0,"",0,[0,"unity_GUIZTestMode"],[0,null],[0,null],[[1,null],[10,null],[0,null]],[[1,null],[10,null],[0,null]],[0,"_ColorMask"],[0,null],[0,null],[0,"_Stencil"],[0,"_StencilReadMask"],[0,"_StencilWriteMask"],[[0,"_StencilOp"],[0,null],[0,null],[0,"_StencilComp"]],[[0,null],[0,null],[0,null],[8,null]],[[0,null],[0,null],[0,null],[8,null]],[["CanUseSpriteAtlas","true"],["IGNOREPROJECTOR","true"],["PreviewType","Plane"],["QUEUE","Transparent"],["RenderType","Transparent"]],["STEREO_CUBEMAP_RENDER_ON","STEREO_INSTANCING_ON","STEREO_MULTIVIEW_ON","UNITY_SINGLE_PASS_STEREO","UNITY_UI_ALPHACLIP","UNITY_UI_CLIP_RECT","_"],[],[[0,0,[],12,13,0,0],[0,0,[],14,15,1,0]],[],0]],[],[["_MainTex",4,0,0,0,0,"white",2],["_Color",0,1,1,1,1,"",0],["_StencilComp",2,8,0,0,0,"",0],["_Stencil",2,0,0,0,0,"",0],["_StencilOp",2,0,0,0,0,"",0],["_StencilWriteMask",2,255,0,0,0,"",0],["_StencilReadMask",2,255,0,0,0,"",0],["_ColorMask",2,15,0,0,0,"",0],["_UseUIAlphaClip",2,0,0,0,0,"",0]],null,null,0,0,0]},{"id":72,"assetBundleId":-2,"data":[[],"Legacy Shaders/VertexLit",null,["FOG_EXP","FOG_EXP2","FOG_LINEAR","POINT","SPOT","SHADOWS_DEPTH","STEREO_CUBEMAP_RENDER_ON","STEREO_INSTANCING_ON","STEREO_MULTIVIEW_ON","UNITY_SINGLE_PASS_STEREO","_","__","INSTANCING_ON","SHADOWS_CUBE"],[[0,0,"",1,"",0,[4,null],[1,null],[2,null],[[1,null],[0,null],[0,null]],[[1,null],[0,null],[0,null]],[15,null],[0,null],[0,null],[0,null],[255,null],[255,null],[[0,null],[0,null],[0,null],[8,null]],[[0,null],[0,null],[0,null],[8,null]],[[0,null],[0,null],[0,null],[8,null]],[["LIGHTMODE","Vertex"],["RenderType","Opaque"]],["FOG_EXP","FOG_EXP2","FOG_LINEAR","POINT","SPOT","STEREO_CUBEMAP_RENDER_ON","STEREO_INSTANCING_ON","STEREO_MULTIVIEW_ON","UNITY_SINGLE_PASS_STEREO","_"],[],[],[],0],[1,0,"",2,"",0,[4,null],[1,null],[2,null],[[1,null],[0,null],[0,null]],[[1,null],[0,null],[0,null]],[15,null],[0,null],[0,null],[0,null],[255,null],[255,null],[[0,null],[0,null],[0,null],[8,null]],[[0,null],[0,null],[0,null],[8,null]],[[0,null],[0,null],[0,null],[8,null]],[["LIGHTMODE","VertexLM"],["RenderType","Opaque"]],["FOG_EXP","FOG_EXP2","FOG_LINEAR","STEREO_CUBEMAP_RENDER_ON","STEREO_INSTANCING_ON","STEREO_MULTIVIEW_ON","UNITY_SINGLE_PASS_STEREO","__"],[],[],[],0],[2,0,"ShadowCaster",8,"",0,[4,null],[1,null],[2,null],[[1,null],[0,null],[0,null]],[[1,null],[0,null],[0,null]],[15,null],[0,null],[0,null],[0,null],[255,null],[255,null],[[0,null],[0,null],[0,null],[8,null]],[[0,null],[0,null],[0,null],[8,null]],[[0,null],[0,null],[0,null],[8,null]],[["LIGHTMODE","SHADOWCASTER"],["RenderType","Opaque"],["SHADOWSUPPORT","true"]],["INSTANCING_ON","SHADOWS_CUBE","SHADOWS_DEPTH","STEREO_CUBEMAP_RENDER_ON","STEREO_INSTANCING_ON","STEREO_MULTIVIEW_ON","UNITY_SINGLE_PASS_STEREO","__"],[],[],[],0]],[],[["_Color",0,1,1,1,1,"",0],["_SpecColor",0,1,1,1,1,"",0],["_Emission",0,0,0,0,0,"",0],["_Shininess",3,0.699999988079071,0.00999999977648258,1,0,"",0],["_MainTex",4,0,0,0,0,"white",0]],null,null,0,0,0]}],"sprites":[{"id":796,"path":"Resources/unity_builtin_extra\\Knob","assetBundleId":-2,"data":["Knob",27,794,[0,0,0,0.1,0.1,0],[0.1,0.05,0,0.8125,0.65625,0.095,-0.1,0,0.796875,0.1875,0.1,-0.085,0,0.8125,0.234375,0.085,0.1,0,0.765625,0.8125,-0.05,0.1,0,0.34375,0.8125,-0.08,-0.1,0,0.25,0.1875,-0.095,0.07,0,0.203125,0.71875,-0.1,0.03,0,0.1875,0.59375,-0.1,-0.055,0,0.1875,0.328125],[8,7,5,6,5,7,4,5,6,1,5,4,3,1,4,0,1,3,2,1,0],0.187082022428513,0.187082022428513,0.812082052230835,0.812082052230835,0.1875,0.1875,0.8125,0.8125,0,0,0,0,[0.1875,0.1875,-0.1875,-0.1875],[-0.1,-0.1,0.1,0.1],200,64,64,40,40,20,20,0.0267505645751953,0.0267505645751953]}],"textures":[{"id":772,"type":0,"path":"Resources/unity_builtin_extra\\Default-ParticleSystem","assetBundleId":-2,"data":["Default-ParticleSystem",64,64,7,1,1,0,4,1,0,1,8,0,0,1,1]},{"id":794,"type":0,"path":"Resources/unity_builtin_extra\\Knob","assetBundleId":-2,"data":["Knob",64,64,7,16,1,0,4,1,1,1,8,0,0,1,1]}],"resources":[{"id":0,"assetBundleId":-2,"data":[[["unity_builtin_extra",0,26],["unity_builtin_extra",6,556],["unity_builtin_extra",0,160],["unity_builtin_extra",0,180],["unity_builtin_extra",27,772],["unity_builtin_extra",6,774],["unity_builtin_extra",0,166],["unity_builtin_extra",27,794],["unity_builtin_extra",7,796],["unity_builtin_extra",0,28],["fonts & materials/liberationsans sdf",27,25520],["fonts & materials/liberationsans sdf",6,25518],["fonts & materials/liberationsans sdf - fallback",27,25736],["fonts & materials/liberationsans sdf - fallback",6,25734],["fonts & materials/liberationsans sdf - fallback",54,25732],["fonts & materials/liberationsans sdf",54,25516],["sprite assets/emojione",6,31474],["sprite assets/emojione",63,25538],["style sheets/default style sheet",64,25524],["linebreaking leading characters",60,31468],["linebreaking following characters",60,31470],["tmp settings",62,25760]],[32250,32814,27170,27354,27210,27354,27542,27354,27544,27354,27546,27354,27548,27354,27550,27354,27352,27354,27220,27354,27576,27354,27578,27354,27580,27354,27582,27354,27584,27354,27586,27354,27374,27354,27696,27354,27698,27354,27700,27354,27702,27354,27704,27354,27706,27354,27328,27354,27660,27354,27662,27354,27664,27354,27666,27354,27668,27354,27670,27354,27262,27354,27636,27354,27638,27354,27640,27354,27642,27354,27644,27354,27646,27354,27304,27354,27648,27354,27650,27354,27652,27354,27654,27354,27656,27354,27658,27354,27224,27354,27588,27354,27590,27354,27592,27354,27594,27354,27596,27354,27598,27354,27158,27354,27530,27354,27532,27354,27534,27354,27536,27354,27538,27354,27540,27354,27232,27354,27600,27354,27602,27354,27604,27354,27606,27354,27608,27354,27610,27354,27102,27354,27518,27354,27520,27354,27522,27354,27524,27354,27526,27354,27528,27354,27350,27354,27684,27354,27686,27354,27688,27354,27690,27354,27692,27354,27694,27354,27332,27354,27672,27354,27674,27354,27676,27354,27678,27354,27680,27354,27682,27354,27184,27354,27564,27354,27566,27354,27568,27354,27570,27354,27572,27354,27574,27354,27252,27354,27624,27354,27626,27354,27628,27354,27630,27354,27632,27354,27634,27354,27246,27354,27612,27354,27614,27354,27616,27354,27618,27354,27620,27354,27622,27354,27178,27354,27552,27354,27554,27354,27556,27354,27558,27354,27560,27354,27562,27354,-9976,32814,27842,27354,27318,27354,27314,27354,27360,27354,27848,27354,27920,27354,27284,27354,27810,27354,27812,27354,-9984,32814,-9992,32814,-9996,32814,-10002,32814,-10010,32814,-10018,32814,32468,32814,27708,27354,-10024,32814,27940,27354,27942,27354,27128,27354,27082,27354,27818,27354,27802,27354,27804,27354,27822,27354,27824,27354,-10032,32814,-10040,32814,-10044,32814,-10050,32814,-10058,32814,-10066,32814,27738,27354,-10072,32814,27792,27354,27248,27354,27222,27354,27116,27354,27884,27354,27964,27354,27966,27354,27760,27354,27762,27354,-10080,32814,-10088,32814,-10092,32814,-10098,32814,-10106,32814,-10114,32814,27740,27354,-10120,32814,27944,27354,27946,27354,27316,27354,27298,27354,27768,27354,27764,27354,27766,27354,27814,27354,27816,27354,-10128,32814,-10136,32814,-10140,32814,-10146,32814,-10154,32814,-10162,32814,27732,27354,-10168,32814,27984,27354,27118,27354,27358,27354,27326,27354,27864,27354,27922,27354,27924,27354,27960,27354,27962,27354,-10176,32814,-10184,32814,-10188,32814,-10194,32814,-10202,32814,-10210,32814,27714,27354,-10216,32814,27908,27354,27910,27354,27280,27354,27324,27354,27892,27354,27986,27354,27988,27354,27876,27354,27878,27354,-10224,32814,-10232,32814,-10236,32814,-10242,32814,-10250,32814,-10258,32814,27716,27354,-10264,32814,27952,27354,27954,27354,27290,27354,27312,27354,27756,27354,27904,27354,27906,27354,27780,27354,27782,27354,-10272,32814,-10280,32814,-10284,32814,-10290,32814,-10298,32814,-10306,32814,27718,27354,-10312,32814,27834,27354,27836,27354,27348,27354,27140,27354,27784,27354,27926,27354,27928,27354,27948,27354,27950,27354,-10320,32814,-10328,32814,-10332,32814,-10338,32814,-10346,32814,-10354,32814,27726,27354,-10360,32814,27930,27354,27266,27354,27366,27354,27088,27354,27936,27354,27754,27354,27166,27354,27844,27354,27846,27354,-10368,32814,-10376,32814,-10380,32814,-10386,32814,-10394,32814,-10402,32814,27722,27354,-10408,32814,27856,27354,27858,27354,27204,27354,27104,27354,27896,27354,27912,27354,27914,27354,27900,27354,27902,27354,-10416,32814,-10424,32814,-10428,32814,-10434,32814,-10442,32814,-10450,32814,27736,27354,-10456,32814,27788,27354,27790,27354,27070,27354,27274,27354,27798,27354,27980,27354,27982,27354,27976,27354,27978,27354,-10464,32814,-10472,32814,-10476,32814,-10482,32814,-10490,32814,-10498,32814,27734,27354,-10504,32814,27750,27354,27752,27354,27206,27354,27214,27354,27826,27354,27972,27354,27974,27354,27838,27354,27840,27354,-10512,32814,-10520,32814,-10524,32814,-10530,32814,-10538,32814,-10546,32814,27728,27354,-10552,32814,27872,27354,27874,27354,27180,27354,27078,27354,27744,27354,27860,27354,27862,27354,27868,27354,27870,27354,-10560,32814,-10568,32814,-10572,32814,-10578,32814,-10586,32814,-10594,32814,27730,27354,-10600,32814,27794,27354,27796,27354,27286,27354,27192,27354,27932,27354,27880,27354,27882,27354,27830,27354,27832,27354,-10608,32814,-10616,32814,-10620,32814,-10626,32814,-10634,32814,-10642,32814,27724,27354,-10648,32814,27772,27354,27774,27354,27190,27354,27278,27354,27916,27354,27852,27354,27854,27354,27888,27354,27890,27354,-10656,32814,-10664,32814,-10668,32814,-10674,32814,-10682,32814,-10690,32814,27712,27354,-10696,32814,27956,27354,27958,27354,27130,27354,27288,27354,27776,27354,27806,27354,27808,27354,27968,27354,27970,27354,-10704,32814,-10712,32814,-10716,32814,-10722,32814,-10730,32814,-10738,32814,27720,27354,26950,26948,27014,26948,32036,32814,27016,26948,27018,26948,27000,26948,-10772,32814,27002,26948,32182,32814,26956,26958,27476,26958,26966,26958,32086,32814,27482,26958,-10762,32814,32560,32814,26962,26958,26964,26958,26968,26958,32062,32814,27478,26958,27474,26958,28274,29358,29176,29358,29372,29358,29138,29358,28240,27040,29076,27040,29916,27040,29070,27040,29072,27040,29074,27040,28008,27040,30440,29358,30414,29358,30460,29358,28242,27040,28280,27040,28282,27040,28284,27040,28244,27040,28516,27040,28518,27040,28520,27040,28246,27040,28986,27040,28988,27040,28990,27040,28248,27040,28566,27040,28568,27040,28570,27040,27996,27040,28010,27040,28074,27040,28076,27040,28012,27040,28352,30030,30702,30030,31050,30030,28052,27040,28054,27040,28286,29130,29110,29130,29146,29130,29158,29130,28092,27040,31070,29130,31112,29130,31100,29130,31074,29130,29006,27040,29008,27040,29010,27040,28014,27040,30318,29130,30292,29130,28094,27040,28860,27040,28862,27040,28864,27040,28096,27040,28920,27040,28922,27040,28924,27040,28098,27040,28344,27040,28346,27040,28348,27040,28100,27040,28486,27040,28488,27040,28490,27040,28102,27040,28700,27040,28702,27040,28704,27040,28104,27040,28870,27040,28872,27040,28874,27040,28106,27040,28546,27040,28548,27040,28550,27040,28108,27040,28772,27040,28774,27040,28776,27040,28110,27040,28576,27040,28578,27040,28580,27040,28112,27040,28526,27040,28528,27040,28530,27040,28114,27040,28606,27040,28608,27040,28610,27040,28116,27040,28556,27040,28558,27040,28560,27040,28118,27040,28940,27040,28942,27040,28944,27040,28120,27040,28402,27040,28404,27040,28406,27040,28122,27040,28390,27040,28392,27040,28394,27040,28124,27040,28996,27040,28998,27040,29000,27040,28126,27040,28782,27040,28784,27040,28786,27040,28128,27040,28752,27040,28754,27040,28756,27040,28130,27040,28434,27040,28436,27040,28438,27040,28132,27040,28414,27040,28416,27040,28418,27040,28134,27040,28900,27040,28902,27040,28904,27040,28136,27040,28424,27040,28426,27040,28428,27040,28138,27040,28812,27040,28814,27040,28816,27040,28140,27040,28910,27040,28912,27040,28914,27040,28142,27040,29036,27040,29038,27040,29040,27040,28144,27040,28680,27040,28682,27040,28684,27040,28146,27040,28292,27040,28294,27040,28296,27040,28148,27040,29082,27040,29084,27040,29086,27040,28150,27040,28930,27040,28932,27040,28934,27040,28252,29094,29114,29094,30270,29094,30282,29094,29088,29094,29104,29094,28154,27040,31108,29094,28638,27040,31440,29094,31442,29094,31436,29094,31438,29094,29834,27040,29836,27040,31084,29094,31086,29094,31098,29094,28636,27040,28640,27040,28016,27040,30290,29094,30302,29094,28156,27040,28842,27040,29722,27040,29724,27040,28840,27040,28844,27040,28158,27040,28764,27040,29624,27040,29626,27040,28762,27040,28766,27040,28160,27040,28882,27040,30188,27040,30190,27040,28880,27040,28884,27040,28162,27040,28456,27040,29526,27040,29528,27040,28454,27040,28458,27040,28164,27040,28734,27040,29640,27040,29642,27040,28732,27040,28736,27040,28166,27040,29048,27040,30060,27040,30062,27040,29046,27040,29050,27040,28168,27040,29028,27040,30078,27040,30080,27040,29026,27040,29030,27040,28170,27040,28672,27040,29938,27040,29940,27040,28670,27040,28674,27040,28172,27040,28952,27040,30016,27040,30018,27040,28950,27040,28954,27040,28174,27040,28618,27040,29868,27040,29870,27040,28616,27040,28620,27040,28176,27040,28324,27040,29340,27040,29342,27040,28322,27040,28326,27040,28178,27040,28508,27040,29566,27040,29568,27040,28506,27040,28510,27040,28180,27040,28744,27040,29634,27040,29636,27040,28742,27040,28746,27040,28182,27040,28892,27040,30154,27040,30156,27040,28890,27040,28894,27040,28184,27040,28538,27040,29392,27040,29394,27040,28536,27040,28540,27040,28186,27040,28692,27040,29926,27040,29928,27040,28690,27040,28694,27040,28188,27040,28724,27040,29692,27040,29694,27040,28722,27040,28726,27040,28190,27040,28598,27040,29890,27040,29892,27040,28596,27040,28600,27040,28192,27040,29058,27040,30048,27040,30050,27040,29056,27040,29060,27040,28194,27040,28364,27040,29152,27040,29154,27040,28362,27040,28366,27040,28196,27040,28498,27040,29572,27040,29574,27040,28496,27040,28500,27040,28198,27040,28804,27040,29774,27040,29776,27040,28802,27040,28806,27040,28200,27040,28794,27040,29788,27040,29790,27040,28792,27040,28796,27040,28202,27040,28628,27040,29862,27040,29864,27040,28626,27040,28630,27040,28204,27040,28974,27040,29978,27040,29980,27040,28972,27040,28976,27040,28206,27040,28476,27040,29600,27040,29602,27040,28474,27040,28478,27040,28208,27040,28260,27040,29278,27040,29280,27040,28258,27040,28262,27040,28210,27040,28304,27040,29260,27040,29262,27040,28302,27040,28306,27040,28212,27040,29018,27040,30092,27040,30094,27040,29016,27040,29020,27040,28214,27040,28466,27040,29500,27040,29502,27040,28464,27040,28468,27040,28216,27040,28270,27040,29266,27040,29268,27040,28268,27040,28272,27040,28218,27040,28964,27040,30004,27040,30006,27040,28962,27040,28966,27040,28220,27040,28712,27040,29704,27040,29706,27040,28710,27040,28714,27040,28222,27040,28588,27040,29898,27040,29900,27040,28586,27040,28590,27040,28224,27040,28314,27040,29232,27040,29234,27040,28312,27040,28316,27040,28226,27040,28660,27040,29812,27040,29814,27040,28658,27040,28662,27040,28228,27040,28852,27040,30196,27040,30198,27040,28850,27040,28854,27040,28230,27040,28336,27040,29308,27040,29310,27040,28334,27040,28338,27040,28232,27040,28382,27040,29118,27040,29120,27040,28380,27040,28384,27040,28234,27040,28832,27040,29730,27040,29732,27040,28830,27040,28834,27040,28236,27040,28446,27040,29164,27040,29166,27040,28444,27040,28448,27040,27034,27040,28018,28082,28034,28082,27998,27040,29534,28082,30202,28082,30240,28082,28022,27040,28396,28082,28024,28038,28056,28038,28000,27040,29734,28038,30144,28038,29208,28038,28028,27040,28328,28038,28002,27040,28030,27040,28004,27040,28006,27040,26986,27444]]}],"project-settings":[{"id":-1,"assetBundleId":-2,"data":[[["UnityEngine.U2D.CinemachinePixelPerfect",-1],["UnityEngine.EventSystems.EventSystem",-1000],["UnityEngine.UI.ToggleGroup",10],["TMPro.TextMeshPro",-105],["TMPro.TextMeshProUGUI",-100],["TMPro.TextContainer",-110]],[[0,"Default",0]],[[0,"Default"],[1,"TransparentFX"],[2,"Ignore Raycast"],[3,"Ball"],[4,"Water"],[5,"UI"],[6,"Enemy"]],[0.0199999995529652,0.333333343267441,1,0.0299999993294477],[0,-9.8100004196167,0,6,2,0,1,[[0,0,0],[0,0,1],[0,0,2],[0,0,3],[0,0,4],[0,0,5],[0,0,6],[0,1,0],[0,1,1],[0,1,2],[0,1,3],[0,1,4],[0,1,5],[0,1,6],[0,2,0],[0,2,1],[0,2,2],[0,2,3],[0,2,4],[0,2,5],[0,2,6],[0,3,0],[0,3,1],[0,3,2],[0,3,3],[0,3,4],[0,3,5],[0,3,6],[0,4,0],[0,4,1],[0,4,2],[0,4,3],[0,4,4],[0,4,5],[0,4,6],[0,5,0],[0,5,1],[0,5,2],[0,5,3],[0,5,4],[0,5,5],[0,5,6],[0,6,0],[0,6,1],[0,6,2],[0,6,3],[0,6,4],[0,6,5],[0,6,6]]],[null,null,0,-9.8100004196167,3,8,1,0.200000002980232,8,100,360,0.200000002980232,0.75,0.5,0.00999999977648258,2,0.00999999977648258,1,1,1,1,1,0,[[0,0,0],[0,0,1],[0,0,2],[0,0,3],[0,0,4],[0,0,5],[0,0,6],[0,1,0],[0,1,1],[0,1,2],[0,1,3],[0,1,4],[0,1,5],[0,1,6],[0,2,0],[0,2,1],[0,2,2],[0,2,3],[0,2,4],[0,2,5],[0,2,6],[0,3,0],[0,3,1],[0,3,2],[0,3,3],[0,3,4],[0,3,5],[0,3,6],[0,4,0],[0,4,1],[0,4,2],[0,4,3],[0,4,4],[0,4,5],[0,4,6],[0,5,0],[0,5,1],[0,5,2],[0,5,3],[0,5,4],[0,5,5],[0,5,6],[0,6,0],[0,6,1],[0,6,2],[0,6,3],[0,6,4],[0,6,5],[0,6,6]]],[[[[],["Very Low","Low","Medium","High","Very High","Ultra"],0,0,0,0.300000011920929,1,15,0,1,0,0,0,0,0,1,2,4,0,0,0.333333343267441,0.0666666701436043,0.200000002980232,0.466666668653488,0,0,16,2,0,3,512,0,1,2,512,1,1024,0],[[],["Very Low","Low","Medium","High","Very High","Ultra"],0,0,0,0.400000005960464,1,20,0,1,0,0,0,0,0,0,2,16,0,0,0.333333343267441,0.0666666701436043,0.200000002980232,0.466666668653488,0,0,16,2,0,3,512,0,1,2,512,1,1024,1],[[],["Very Low","Low","Medium","High","Very High","Ultra"],1,1,0,0.699999988079071,1,20,0,1,0,0,0,0,0,0,2,64,1,0,0.333333343267441,0.0666666701436043,0.200000002980232,0.466666668653488,0,1,16,2,0,3,512,0,1,2,512,1,1024,2],[[],["Very Low","Low","Medium","High","Very High","Ultra"],2,1,0,1,2,40,1,1,1,0,1,0,0,0,2,256,2,1,0.333333343267441,0.0666666701436043,0.200000002980232,0.466666668653488,0,1,16,2,1,3,512,0,1,2,512,1,1024,3],[[],["Very Low","Low","Medium","High","Very High","Ultra"],2,2,2,1.5,2,70,1,1,2,1,1,0,0,0,2,1024,3,1,0.333333343267441,0.0666666701436043,0.200000002980232,0.466666668653488,0,1,16,2,1,3,512,0,1,2,512,1,1024,4],[[],["Very Low","Low","Medium","High","Very High","Ultra"],2,2,2,2,4,150,1,1,2,1,1,0,0,0,2,4096,4,1,0.333333343267441,0.0666666701436043,0.200000002980232,0.466666668653488,0,1,16,2,1,3,512,0,1,2,512,1,1024,5]],["Very Low","Low","Medium","High","Very High","Ultra"],2,2,2,2,4,150,1,1,2,1,1,0,0,0,2,4096,4,1,0.333333343267441,0.0666666701436043,0.200000002980232,0.466666668653488,0,1,16,2,1,3,512,0,1,2,512,1,1024,5],0,0,0,2,0,["Untagged","Respawn","Finish","EditorOnly","MainCamera","Player","GameController","Pin","Lava","Water","Rock","Ring","DeathZone","Trap_Lava","Tag_Stone","Enemy"]]}]}